client, available, held, total, locked
1, 1.5, 0, 1.5, false
2, -1, 0, -1, true
3, 123456789.12345679, 0, 123456789.12345679, false
